welt,werkzeug,name,version,beginn,gezaehlt,grund,zeit_s,wanduhr_s,mit_zoomstufen_s,arbeit_nach_done_s,ram_gib,spitze_ws_gib,grundlast_ws_gib,cpu_s,threads_max,dateien,bytes,belegt,kacheln,basis_kacheln,basis_pixel,last_vorher_prozent,hinweis
1k,pl3xmap-start,1k-pl3xmap-start-1,26.2,2026-10-09T23:10:06,ja,,1.6,11.0,,9.4,1.044,2.963,2.102,23.4,158,65,1972345,2129920,28,16,1081600,13.9,
3k,squaremap,3k-squaremap-1,26.2,2026-10-10T01:17:39,nein,"squaremap setzte beim Start den um 23:20 abgebrochenen Render fort (01:17:53 bis 01:18:03), mitten in den 60 s Grundlast; Grundlast 6,23 statt rund 2,1 GiB, fullrender danach über fertiger Karte mit warmer JVM",10.3,10.3,,,1.002,7.231,6.229,66.4,146,64,7261482,7413760,60,36,9144576,17.0,
3k,pl3xmap-start,3k-pl3xmap-start-1,26.2,2026-10-10T01:19:23,ja,,5.2,14.4,,9.2,5.645,7.76,2.117,95.1,166,185,17432038,17870848,88,64,9144576,6.8,
3k,heroic-tn4,3k-heroic-tn4-1,26.2,2026-10-10T01:21:30,ja,,15.0,15.0,,,1.148,3.061,1.913,230.4,127,3114,194389460,200863744,3084,2304,146313216,9.3,
3k,cli-tn4,3k-cli-tn4-1,26.2,2026-10-10T01:23:19,ja,,14.3,14.3,,,1.151,1.151,,243.3,28,3179,194699826,201359360,3084,2304,146313216,7.5,
3k,cli-tn4,3k-cli-tn4-2,26.2,2026-10-10T01:23:53,ja,,14.3,14.3,,,1.086,1.086,,245.2,28,3179,194699826,201359360,3084,2304,146313216,9.7,
3k,heroic-tn4,3k-heroic-tn4-2,26.2,2026-10-10T01:24:28,ja,,14.3,14.3,,,1.137,3.067,1.93,244.6,126,3114,194389460,200863744,3084,2304,146313216,7.0,
3k,pl3xmap-start,3k-pl3xmap-start-2,26.2,2026-10-10T01:26:16,ja,,5.3,14.7,,9.4,5.533,7.621,2.095,91.9,163,185,17445883,17874944,88,64,9144576,9.5,
3k,squaremap,3k-squaremap-2,26.2,2026-10-10T01:28:24,ja,,12.0,12.0,,,4.702,6.812,2.11,123.9,153,64,7261482,7413760,60,36,9144576,17.8,
3k,squaremap,3k-squaremap-3,26.2,2026-10-10T01:30:08,ja,,11.9,11.9,,,4.594,6.708,2.114,116.8,153,64,7261482,7413760,60,36,9144576,4.1,
3k,pl3xmap-start,3k-pl3xmap-start-3,26.2,2026-10-10T01:31:53,ja,,5.5,14.9,,9.4,5.589,7.693,2.104,112.9,165,185,17419737,17850368,88,64,9144576,5.4,
3k,heroic-tn4,3k-heroic-tn4-3,26.2,2026-10-10T01:34:01,ja,,13.9,13.9,,,1.124,3.038,1.914,222.9,127,3114,194389460,200863744,3084,2304,146313216,4.8,
3k,cli-tn4,3k-cli-tn4-3,26.2,2026-10-10T01:35:48,ja,,13.2,13.2,,,1.104,1.104,,233.0,28,3179,194699826,201359360,3084,2304,146313216,4.3,
3k,cli-tn4-kompakt,3k-cli-tn4-kompakt-1,26.2,2026-10-10T01:36:21,ja,,15.9,15.9,,,1.168,1.168,,279.7,28,3179,130968701,137543680,3084,2304,146313216,6.9,
3k,squaremap,3k-squaremap-4,26.2,2026-10-10T01:37:06,ja,,11.9,11.9,,,4.67,6.777,2.107,119.2,153,64,7276403,7430144,60,36,9144576,12.3,
3k,dynmap-flat,3k-dynmap-flat-1,1.21.11,2026-10-10T01:38:51,ja,,231.7,110.2,231.7,,2.986,6.153,3.167,2001.2,122,12669,139590594,165138432,12669,9409,152571904,5.1,
3k,dynmap-flat,3k-dynmap-flat-2,1.21.11,2026-10-10T01:45:38,ja,,225.1,121.4,225.1,,2.954,6.109,3.155,2144.8,124,12669,139590594,165138432,12669,9409,152571904,5.6,
3k,dynmap-flat,3k-dynmap-flat-3,1.21.11,2026-10-10T01:52:17,ja,,224.6,117.2,224.6,,2.963,6.119,3.156,2104.8,124,12669,139590594,165138432,12669,9409,152571904,5.5,
3k iso,cli-21-16,3k-cli-21-16-1,26.2,2026-10-10T01:58:59,ja,,20.7,20.7,,,1.821,1.821,,360.0,28,13772,914333923,942358528,13649,10072,643699415,6.5,
3k iso,heroic-21-16,3k-heroic-21-16-1,26.2,2026-10-10T01:59:43,ja,,20.5,20.5,,,1.731,3.645,1.914,358.5,127,13707,914023567,941862912,13649,10072,643699415,6.5,
3k iso,heroic-21-16,3k-heroic-21-16-2,26.2,2026-10-10T02:01:41,ja,,20.2,20.2,,,1.711,3.641,1.93,353.8,127,13707,914023567,941862912,13649,10072,643699415,6.9,
3k iso,cli-21-16,3k-cli-21-16-2,26.2,2026-10-10T02:03:38,ja,,20.2,20.2,,,1.853,1.853,,357.3,28,13772,914333923,942358528,13649,10072,643699415,4.3,
3k iso,cli-21-16,3k-cli-21-16-3,26.2,2026-10-10T02:04:21,ja,,20.7,20.7,,,1.905,1.905,,365.7,28,13772,914333923,942358528,13649,10072,643699415,9.2,
3k iso,heroic-21-16,3k-heroic-21-16-3,26.2,2026-10-10T02:05:05,ja,,21.5,21.5,,,1.713,3.631,1.918,355.4,127,13707,914023567,941862912,13649,10072,643699415,4.6,
3k iso,dynmap-surface,3k-dynmap-surface-1,1.21.11,2026-10-10T02:31:21,ja,,3680.4,3584.0,3680.4,,3.054,6.194,3.14,62450.3,120,113210,2435039818,2678857728,113210,84451,1367866814,7.4,"Frontend meldet tsc und eslint während der Sperre, einige Sekunden Last auf einem Kern. Der Lauf rechnet rund 85 min mit 24 Threads; die Wirkung liegt geschätzt unter 0,1 %. Ob er zählt, entscheidet der Reviewer."
5k,squaremap,5k-squaremap-1,26.2,2026-10-10T04:34:19,ja,,30.9,30.9,,,5.467,7.584,2.117,278.9,153,160,19275140,19607552,156,100,25401600,5.6,
5k,pl3xmap-start,5k-pl3xmap-start-1,26.2,2026-10-10T04:36:25,ja,,13.3,22.4,,9.1,6.397,8.488,2.091,250.1,167,409,45813371,46759936,200,144,25401600,5.8,
5k,heroic-tn4,5k-heroic-tn4-1,26.2,2026-10-10T04:38:43,ja,,37.2,37.2,,,1.146,3.068,1.922,685.4,123,8598,516852316,534654976,8556,6400,406425527,5.1,
5k,cli-tn4,5k-cli-tn4-1,26.2,2026-10-10T04:40:57,ja,,36.3,36.3,,,1.142,1.142,,698.9,28,8743,517661265,535863296,8556,6400,406425527,4.4,
5k,cli-tn4,5k-cli-tn4-2,26.2,2026-10-10T04:41:55,ja,,36.7,36.7,,,1.14,1.14,,706.4,28,8743,517661265,535863296,8556,6400,406425527,6.1,
5k,heroic-tn4,5k-heroic-tn4-2,26.2,2026-10-10T04:42:54,ja,,37.4,37.4,,,1.201,3.112,1.911,693.9,123,8598,516852316,534654976,8556,6400,406425527,4.6,
5k,pl3xmap-start,5k-pl3xmap-start-2,26.2,2026-10-10T04:45:08,ja,,13.6,22.7,,9.1,6.373,8.477,2.124,249.3,166,409,45801599,46743552,200,144,25401600,6.1,
5k,squaremap,5k-squaremap-2,26.2,2026-10-10T04:47:26,ja,,31.8,31.8,,,5.085,7.188,2.103,294.6,153,160,19275141,19607552,156,100,25401600,7.1,
5k,squaremap,5k-squaremap-3,26.2,2026-10-10T04:49:33,ja,,31.3,31.3,,,4.935,7.051,2.116,285.4,153,160,19315274,19636224,156,100,25401600,5.2,
5k,pl3xmap-start,5k-pl3xmap-start-3,26.2,2026-10-10T04:51:39,ja,,13.0,22.0,,9.1,6.387,8.471,2.084,235.1,164,409,45828446,46772224,200,144,25401600,7.5,
5k,heroic-tn4,5k-heroic-tn4-3,26.2,2026-10-10T04:53:58,ja,,37.8,37.8,,,1.145,3.069,1.924,686.3,127,8598,516852316,534654976,8556,6400,406425527,7.9,
5k,cli-tn4,5k-cli-tn4-3,26.2,2026-10-10T04:56:11,ja,,36.2,36.2,,,1.118,1.118,,694.2,28,8743,517661265,535863296,8556,6400,406425527,7.6,
5k,cli-tn4-kompakt,5k-cli-tn4-kompakt-1,26.2,2026-10-10T04:57:09,ja,,42.2,42.2,,,1.165,1.165,,822.7,28,8743,350086892,368046080,8556,6400,406425527,3.7,
5k,dynmap-flat,5k-dynmap-flat-1,1.21.11,2026-10-10T04:58:13,ja,,423.2,293.6,423.2,,2.989,6.143,3.154,5458.9,125,34286,379756584,450084864,34286,25600,416813056,4.7,
5k,dynmap-flat,5k-dynmap-flat-2,1.21.11,2026-10-10T05:08:22,ja,,430.0,293.2,430.0,,2.986,6.128,3.142,5443.9,123,34286,379756584,450084864,34286,25600,416813056,4.2,
5k,dynmap-flat,5k-dynmap-flat-3,1.21.11,2026-10-10T05:18:35,ja,,433.0,295.5,433.0,,2.975,6.121,3.146,5469.7,121,34286,379756584,450084864,34286,25600,416813056,7.0,
15k,squaremap,15k-squaremap-1,26.2,2026-10-10T07:06:37,ja,,245.3,245.3,,,6.455,8.564,2.109,2005.3,153,1240,147507308,150040576,1236,900,225720576,6.0,
15k,pl3xmap-start,15k-pl3xmap-start-1,26.2,2026-10-10T07:12:36,ja,,112.5,121.1,,8.7,6.424,8.535,2.112,2220.0,168,2603,343463118,348938240,1297,961,225720576,4.1,
15k,heroic-tn4,15k-heroic-tn4-1,26.2,2026-10-10T07:17:06,ja,,319.0,319.0,,,1.454,3.38,1.926,6452.5,127,74574,4060973388,4214112256,74464,55696,3611528447,5.9,
15k,cli-tn4,15k-cli-tn4-1,26.2,2026-10-10T07:24:37,ja,,319.9,319.9,,,1.312,1.312,,6542.5,28,75536,4067195403,4222640128,74464,55696,3611528447,3.8,
15k,cli-tn4-kompakt,15k-cli-tn4-kompakt-1,26.2,2026-10-10T07:30:47,ja,,368.7,368.7,,,1.279,1.279,,7654.5,28,75536,2836230150,2990997504,74464,55696,3611528447,5.7,
15k,dynmap-flat,15k-dynmap-flat-1,1.21.11,2026-10-10T08:42:12,ja,,2586.4,2422.7,2586.4,,3.016,6.155,3.139,44880.2,125,297514,2840456975,3479560192,297514,222784,3642363904,8.1,
